{
  "whatsapp_number": "SEU_NUMERO_AQUI",
  "store_name": "Family's Burger",
  "delivery_note": "Entrega por km • Retirada no balcão",
  "menu": [
    {
      "id": "classic",
      "name": "Classic Burger",
      "desc": "Artesanal na brasa, queijo, molho da casa.",
      "price": 29.9,
      "cat": "Burgers"
    },
    {
      "id": "bacon",
      "name": "Bacon Burger",
      "desc": "Artesanal na brasa, queijo, bacon crocante.",
      "price": 34.9,
      "cat": "Burgers"
    },
    {
      "id": "batata",
      "name": "Batata Frita",
      "desc": "Porção crocante.",
      "price": 14.9,
      "cat": "Acompanhamentos"
    },
    {
      "id": "refri",
      "name": "Refrigerante Lata 350ml",
      "desc": "Coca/Guaraná (informar no Whats).",
      "price": 6.0,
      "cat": "Bebidas"
    }
  ],
  "addons": [
    {
      "id": "queijo",
      "name": "Queijo extra",
      "price": 3.0
    },
    {
      "id": "baconx",
      "name": "Bacon extra",
      "price": 4.0
    },
    {
      "id": "ovo",
      "name": "Ovo",
      "price": 3.0
    }
  ]
}